fldr_num,case_num,cossn,fnm,mnm,lnm,sex,LANG_SPKN,ADJULVL_CD,FROM_OCD,TO_OCD,CASE_ESTB_DT,TRNSFR_DT
1,201,123456789,Anil1,Kumar1,Gupta1,M,English,A,O41,T21,CURRENT_DATE,CURRENT_DATE
2,202,123456790,Anil2,Kumar2,Gupta2,F,Spanish,A,O42,T22,CURRENT_DATE,CURRENT_DATE
3,203,123456791,Anil3,Kumar3,Gupta3,U,Hindi,A,O43,T23,CURRENT_DATE,CURRENT_DATE
4,204,123456792,Anil4,Kumar4,Gupta4,U,English,A,O44,T24,CURRENT_DATE,CURRENT_DATE
5,205,123456793,Anil5,Kumar5,Gupta5,M,Spanish,A,O45,T25,CURRENT_DATE,CURRENT_DATE
